,Replica 1,Replica 2,Replica 3,Replica 4,Replica 5,Replica 6,Replica 7,Replica 8,MEAN,STD
Time (h),Density (cells/mL),Density (cells/mL),Density (cells/mL),Density (cells/mL),Density (cells/mL),Density (cells/mL),Density (cells/mL),Density (cells/mL),Mean density,Standard deviation
0.166666667,38757.05245,134000.0035,242696.3023,500198.9629,-29350.16687,106800.4763,188368.5033,120401.5136,162734.0809,159886.8128
0.333333333,11521.82528,120401.5136,256271.898,459601.4248,-29350.16687,147595.9467,201954.2669,134000.0035,162749.589,151669.813
0.5,25140.71514,188368.5033,229118.1657,446063.8547,11521.82528,147595.9467,174780.1959,134000.0035,169573.6513,135204.8673
0.666666667,11521.82528,161189.3439,215537.4875,405435.9619,-2099.617853,161189.3439,134000.0035,134000.0035,152596.794,126807.8678
0.833333333,11521.82528,174780.1959,215537.4875,418981.124,-2099.617853,106800.4763,174780.1959,134000.0035,154287.7113,132103.7174
1,25140.71514,161189.3439,215537.4875,432523.7547,2224638.899,106800.4763,215537.4875,147595.9467,441120.5138,730177.5076
1.166666667,25140.71514,174780.1959,242696.3023,418981.124,2264254.368,106800.4763,174780.1959,351229.9849,469832.9203,735997.6583
1.333333333,-29350.16687,147595.9467,215537.4875,405435.9619,2330231.547,79590.75638,188368.5033,79590.75638,427125.099,779388.5014
1.5,25140.71514,161189.3439,229118.1657,418981.124,1641086.059,93196.89079,174780.1959,106800.4763,356286.6213,532237.4195
1.666666667,11521.82528,161189.3439,215537.4875,446063.8547,1481109.653,93196.89079,215537.4875,120401.5136,343069.757,477088.4403
1.833333333,38757.05245,174780.1959,201954.2669,432523.7547,1521137.101,106800.4763,229118.1657,120401.5136,353184.0658,486130.0171
2,25140.71514,201954.2669,229118.1657,418981.124,1840557.548,120401.5136,201954.2669,134000.0035,396513.4504,594326.1135
2.166666667,52370.83794,161189.3439,229118.1657,391888.2676,1587800.092,120401.5136,201954.2669,120401.5136,358140.5002,507031.5604
2.333333333,25140.71514,161189.3439,242696.3023,405435.9619,1400987.945,106800.4763,201954.2669,147595.9467,336475.1197,444154.6509
2.5,52370.83794,188368.5033,229118.1657,459601.4248,1307399.852,120401.5136,242696.3023,147595.9467,343444.0683,407571.2617
2.666666667,38757.05245,174780.1959,242696.3023,432523.7547,702845.8993,134000.0035,215537.4875,147595.9467,261092.0803,211412.0065
2.833333333,11521.82528,174780.1959,242696.3023,405435.9619,554293.6387,106800.4763,201954.2669,120401.5136,227235.5226,175174.4648
3,52370.83794,201954.2669,242696.3023,405435.9619,770268.9527,134000.0035,242696.3023,161189.3439,276326.4964,224280.1641
3.166666667,52370.83794,188368.5033,269844.9536,405435.9619,810692.6298,147595.9467,242696.3023,188368.5033,288171.7048,234358.6555
3.333333333,65982.07234,188368.5033,269844.9536,432523.7547,783746.0232,147595.9467,242696.3023,174780.1959,288192.219,227025.2937
3.5,106800.4763,215537.4875,283415.4698,432523.7547,729822.6638,174780.1959,269844.9536,201954.2669,301834.9086,197563.8932
3.666666667,65982.07234,229118.1657,283415.4698,446063.8547,608347.9289,147595.9467,283415.4698,242696.3023,288329.4013,169946.588
3.833333333,79590.75638,215537.4875,296983.4473,486668.9782,581325.8291,161189.3439,296983.4473,188368.5033,288330.9741,169183.9824
4,79590.75638,256271.898,337672.1549,513726.4205,594838.1399,161189.3439,310548.8868,215537.4875,308671.886,173383.1697
4.166666667,106800.4763,269844.9536,310548.8868,473136.4658,635359.944,174780.1959,296983.4473,215537.4875,310373.9821,170189.4946
4.333333333,106800.4763,256271.898,324111.7891,540773.7577,581325.8291,201954.2669,296983.4473,201954.2669,313771.9664,166756.238
4.5,174780.1959,296983.4473,351229.9849,527251.3519,581325.8291,242696.3023,364785.2799,215537.4875,344323.7348,145405.3565
4.666666667,134000.0035,256271.898,324111.7891,513726.4205,729822.6638,229118.1657,337672.1549,459601.4248,373040.5651,188873.6073
4.833333333,174780.1959,283415.4698,418981.124,500198.9629,567810.9956,242696.3023,378338.0406,269844.9536,354508.2556,135475.1415
5,147595.9467,310548.8868,364785.2799,513726.4205,635359.944,256271.898,405435.9619,283415.4698,364642.476,153788.0823
5.166666667,161189.3439,296983.4473,405435.9619,513726.4205,1360893.646,283415.4698,351229.9849,283415.4698,457036.218,379371.692
5.333333333,188368.5033,283415.4698,391888.2676,594838.1399,675859.0705,256271.898,378338.0406,269844.9536,379853.0429,172098.7738
5.5,201954.2669,296983.4473,405435.9619,567810.9956,554293.6387,269844.9536,405435.9619,296983.4473,374842.8341,133282.9221
5.666666667,215537.4875,378338.0406,432523.7547,581325.8291,716335.5392,296983.4473,446063.8547,351229.9849,427292.2422,159308.5751
5.833333333,215537.4875,391888.2676,446063.8547,608347.9289,743307.2738,324111.7891,432523.7547,378338.0406,442514.7996,164884.7352
6,201954.2669,391888.2676,459601.4248,608347.9289,608347.9289,310548.8868,486668.9782,418981.124,435792.3508,139018.2511
6.166666667,269844.9536,432523.7547,500198.9629,635359.944,1240476.732,378338.0406,554293.6387,391888.2676,550365.5367,300783.8838
6.333333333,269844.9536,418981.124,486668.9782,635359.944,945275.1649,378338.0406,527251.3519,391888.2676,506700.9781,208113.4983
6.5,310548.8868,446063.8547,540773.7577,689353.7433,1200293.023,391888.2676,513726.4205,418981.124,563953.6347,280929.2156
6.666666667,324111.7891,459601.4248,554293.6387,675859.0705,689353.7433,446063.8547,513726.4205,432523.7547,511941.7121,124675.2867
6.833333333,391888.2676,486668.9782,567810.9956,716335.5392,783746.0232,405435.9619,567810.9956,500198.9629,552486.9655,139016.3098
7,391888.2676,513726.4205,594838.1399,743307.2738,729822.6638,446063.8547,567810.9956,540773.7577,566028.9217,123738.844
7.166666667,418981.124,513726.4205,594838.1399,756789.3698,797220.582,459601.4248,621855.1967,500198.9629,582901.4026,137075.1793
7.333333333,459601.4248,554293.6387,635359.944,770268.9527,756789.3698,486668.9782,621855.1967,689353.7433,621773.906,115967.0011
7.5,500198.9629,554293.6387,648862.1716,756789.3698,891472.2271,486668.9782,662361.8802,648862.1716,643688.675,135133.0719
7.666666667,486668.9782,581325.8291,635359.944,797220.582,702845.8993,540773.7577,689353.7433,581325.8291,626859.3203,99989.56156
7.833333333,513726.4205,675859.0705,716335.5392,878015.2298,810692.6298,581325.8291,756789.3698,594838.1399,690947.7786,123751.9567
8,567810.9956,648862.1716,756789.3698,891472.2271,958719.6402,648862.1716,770268.9527,716335.5392,744890.1335,130170.3111
8.166666667,608347.9289,635359.944,783746.0232,945275.1649,891472.2271,716335.5392,837629.1954,770268.9527,773554.3719,117884.7873
8.333333333,621855.1967,729822.6638,783746.0232,904926.7185,904926.7185,608347.9289,837629.1954,675859.0705,758389.1894,118713.1118
8.5,621855.1967,824162.1674,878015.2298,958719.6402,1133270.382,648862.1716,891472.2271,824162.1674,847564.8978,164038.7999
8.666666667,743307.2738,824162.1674,918378.7048,1079607.405,1186893.476,756789.3698,958719.6402,797220.582,908134.8274,159999.9717
8.833333333,756789.3698,878015.2298,958719.6402,1052760.946,1106443.882,716335.5392,972161.6132,958719.6402,924993.2326,135111.7153
9,837629.1954,1066185.424,985601.0848,1173491.439,1146679.893,770268.9527,1066185.424,904926.7185,993871.0163,145632.446
9.166666667,864555.7259,1066185.424,985601.0848,1213690.08,1119858.379,904926.7185,1119858.379,1012472.526,1035893.54,117239.8191
9.333333333,904926.7185,1039333.971,1039333.971,1213690.08,1173491.439,824162.1674,1106443.882,958719.6402,1032512.734,132768.6871
9.5,972161.6132,1106443.882,1119858.379,1360893.646,1294020.198,945275.1649,1253866.327,1039333.971,1136481.648,152660.0176
9.666666667,1052760.946,1146679.893,1200293.023,1414347.754,1360893.646,1025904.498,1280638.059,1200293.023,1210226.355,137492.5365
9.833333333,1079607.405,1267253.436,1267253.436,1414347.754,1374260.891,1119858.379,1294020.198,1186893.476,1250436.872,116456.9066
10,1200293.023,1320777.024,1294020.198,1507797.091,1654401.386,1280638.059,1467762.223,1400987.945,1390834.618,147308.756
10.16666667,1294020.198,1347523.92,1400987.945,1614448.008,1534474.639,1267253.436,1481109.653,1374260.891,1414259.836,120293.6852
10.33333333,1387625.658,1521137.101,1494454.608,1574472.433,1827276.654,1227084.65,1614448.008,1547809.707,1524288.602,173579.5768
10.5,1427705.086,1481109.653,1547809.707,1787419.242,1681024.648,1467762.223,1681024.648,1614448.008,1586037.902,125889.0052
10.66666667,1547809.707,1627768.266,1667714.249,1760835.35,1747539.717,1601125.284,1813993.306,1694332.584,1682639.808,89262.40252
10.83333333,1641086.059,1641086.059,1760835.35,1880385.507,2171784.208,1614448.008,1853835.987,1760835.35,1790537.066,183175.1021
11,1681024.648,1853835.987,1827276.654,1959975.244,1681024.648,1694332.584,1906925.219,1933455.129,1817231.264,116850.4671
11.16666667,1853835.987,1973231.629,1946716.41,2118890.544,1946716.41,1893656.588,2158564.447,2065957.859,1994696.235,108542.7582
11.33333333,1867111.973,1973231.629,2092429.082,2264254.368,2606674.162,1867111.973,2198216.422,2132117.616,2125143.403,243169.5145
11.5,1946716.41,2211428.877,2264254.368,2409324.074,2277454.663,2145342.25,2356605.423,2237846.487,2231121.569,141130.2746
11.66666667,2105661.033,2264254.368,2343419.698,2514645.134,2343419.698,2237846.487,2501488.468,2540951.215,2356460.763,153949.93
11.83333333,2396148.047,2527799.383,2488329.385,2632946.453,2422497.679,2303847.962,2567247.635,2580392.224,2489901.096,109557.8644
12,2593534.399,2540951.215,2475167.883,2764163.407,3051995.872,2527799.383,2685462.118,2816582.864,2681957.143,191255.4637
12.16666667,2751052.538,2698585.014,2803481.602,3065051.657,2816582.864,2580392.224,2973611.01,2921306.618,2826257.941,156199.5819
12.33333333,2790377.939,2895140.06,2960538.501,2986681.128,2960538.501,2934386.306,3051995.872,3065051.657,2955588.745,87578.86014
12.5,2921306.618,3038937.7,2986681.128,3273620.185,3637154.171,3051995.872,3325667.217,3234559.98,3183740.359,233732.6201
12.66666667,3234559.98,3273620.185,3299648.447,3455618.885,3143336.282,3221535.159,3455618.885,3559409.95,3330418.472,143429.6225
12.83333333,3351676.5,3455618.885,3546444.33,3637154.171,3455618.885,3364677.587,3818228.046,3585334.117,3526844.065,154922.052
13,3766539.619,3572373.213,3611248.855,3934389.956,3611248.855,3675994.491,4114710.142,3934389.956,3777611.886,196657.3814
13.16666667,3882785.846,4050362.54,3856969.752,3973068.494,3818228.046,3882785.846,4166146.329,4268907.188,3987406.755,161637.0108
13.33333333,4024607.189,4050362.54,4101845.279,4333057.353,4076108.568,4140432.887,4281741.855,4499577.184,4188466.607,166799.2851
13.5,4345880.439,4448381.882,4422770.385,4627404.171,4409961.173,4384335.815,4984099.539,4691231.445,4539258.106,216692.9813
13.66666667,4716746.289,4742251.961,4665707.423,4920535.358,4627404.171,4512370.244,5009509.263,4958680.704,4769150.677,175990.9628
13.83333333,4742251.961,5212459.79,4856914.147,5072993.755,4958680.704,4907815.681,5250448.388,5515799.59,5064670.502,251536.8526
14,5263106.728,5313717.482,5034909.883,5503186.341,5212459.79,5440086.368,5755025.236,5679567.622,5400257.431,242340.1819
14.16666667,5465333.106,5629217.807,5553625.858,5641808.619,5717306.488,5792723.887,6131110.608,5955852.951,5735872.416,218700.7014
14.33333333,5817845.166,5930780.648,5817845.166,5968385.771,6031016.572,6043536.079,6405640.642,6442994.066,6057255.514,241888.8427
14.5,6206088.245,6517641.722,6318405.791,6355805.343,6455440.82,6480327.752,6951521.151,6902069.627,6523412.556,268323.5189
14.66666667,6617049.399,6939161.516,6592210.591,6864958.243,6753506.935,6852583.447,7161304.593,7395033.089,6896975.977,271116.7779
14.83333333,7050320.421,7284416.052,7148981.63,7419591.129,7395033.089,7210574.943,8018609.324,7566760.21,7386785.85,303321.0387
15,7468681.592,7811362.134,7652467.343,7860180.957,7835775.767,7847979.417,8298037.449,8237386.237,7876483.862,275530.7396
15.16666667,7921157.038,8200970.478,8237386.237,8103769.834,8091610.336,8370750.179,8745244.132,8624656.538,8286943.097,279404.4126
15.33333333,8829533.085,9021816.62,8540122.511,8672916.292,8865626.146,8877653.069,9345112.981,9261437.339,8926777.255,274015.3762
15.5,9153708.574,9297310.46,9033816.978,9213578.164,9165686.551,9225545.997,9714490.591,9916236.454,9340046.721,307532.5648
15.66666667,9643148.579,10070125.57,9643148.579,9987303.773,9880676.016,10081949.35,10388676.85,10365129.51,10007519.78,284015.9568
15.83333333,10247275.32,10541544.17,10341574.35,10447510.98,10388676.85,10776083.15,10928118.91,11079829.91,10593826.7,300267.7704
16,11184671.22,11289358.17,10881373.33,11138094.17,11114794.2,11277733.89,12052396.82,11925789.25,11358026.38,410652.6874
16.16666667,11602498.25,11983365.97,11718127.63,11960340.86,12006383.67,11856635.84,12909711.46,12602258.15,12079915.23,447070.067
16.33333333,12568015.23,12739066.64,12155818.21,12818751.34,12727675.89,12659293.39,13475622.64,13464347.84,12826073.9,445656.1693
16.5,13430512.85,13340208.6,13147935.82,13215855.38,13543234.57,13678269,14193582.14,14160086.02,13588710.55,400448.2156
16.66666667,14282829.82,14338554.11,14126574.46,14260528.16,14438750.58,14694185.01,14893469.78,15356374.5,14548908.3,410668.4364
16.83333333,15378345.15,15180373.15,14727436.82,14937681.79,15268426.38,15805472.95,16143239.65,16230157.3,15458891.65,549067.3494
17,16197575.04,16197575.04,15892785.48,15860055.31,16501125.7,16641643.28,17050890.61,17104574.4,16430778.11,479863.3432
17.16666667,17190389.52,17211828.15,16738771.1,17018662.07,17340333.18,17254687.29,17915945.84,18360688.25,17378913.18,517166.4793
17.33333333,18043276.17,18138636.37,17969025.68,18350128.73,18603163.14,18897339.73,19263523.61,19440776.82,18588233.78,562880.9408
17.5,19357412.64,19628029.07,18886852.36,19399105.62,19690349.46,19877021.79,20269700.93,20701533.38,19726250.66,564147.6197
17.66666667,20619453.78,20865449.34,19814845.67,20413897.09,20783531.77,21212705.96,21801812.74,21842291.61,20919248.5,686952.0078
17.83333333,21629564.58,22044401.99,21253465.48,21791690.05,21983818.39,22567708.69,22968159.37,23277289.8,22189512.29,691162.4052
18,23067993.88,23147782.39,22617863.34,22818200.13,23267334.21,23773704.04,24178807.8,24523274.37,23424370.02,670272.9995
18.16666667,24542921.21,24592021.02,23892450.8,24474139.9,24837152.26,25081678.81,25821443.83,25889315.55,24891390.42,684839.5582
18.33333333,25869928.08,26228025.95,25032821.33,25811744.3,26411452.49,26835061,27620339.1,27563057.29,26421553.69,890697.6492
18.5,27391046.71,27515301.52,26575310.93,27438852.43,27801552.33,28353090.35,29025052.03,28940060.42,27880033.34,839536.0782
18.66666667,28855015.67,29279713.35,28220181.87,29109991.03,29552727.48,29928462.49,30518383.27,30966415.78,29553861.37,894842.6929
18.83333333,30546420.48,30901151.16,30125349.28,30639843.41,31115500.75,31450490.82,32127979.75,32350227.87,31157120.44,776850.1853
19,32294687.28,32664697.43,31673483.84,32146509.25,32664697.43,33366146.4,34056611.54,33992233.53,32857383.34,868719.5544
19.16666667,33909443.04,34341567.5,33504368.88,34148558.53,34901656.1,35250200.09,35571022.09,35845880.06,34684087.04,836673.3242
19.33333333,35864200.1,36193890.5,35195183.22,35946634.88,36633312.44,37209892.07,37475285.48,38051903.65,36571287.79,952242.0462
19.5,37823067.07,37896291.18,36999406.17,37594258.58,38390657.61,38665411.9,39352781.89,39995167.35,38339630.22,977692.8662
19.66666667,39334441.22,40215646.88,38766179.36,39416979.54,40463848.87,41025308.18,41412524.58,41754124.53,40298631.64,1067496.58
19.83333333,41016095.4,41754124.53,40776665.75,41458659.51,42216529.74,42791288.95,43572718.71,43283946.05,42108753.58,1036373.17
20,43088587.9,43516790.4,42791288.95,43283946.05,44020806.62,44151727.58,45382223.18,45278498.93,43939233.7,969307.0777
20.16666667,44798580.74,45165432.49,44207869.17,45043045.24,46063104.88,46690397.57,47129499.26,47148627.33,45780819.58,1131297.008
20.33333333,46290850.81,47273035.76,46309847.98,46842947,47848974.96,48398881.77,49117039.51,48961342.95,47630365.09,1127949.246
20.5,47954883.2,48689434.99,47993420.37,48640954.16,49634492.87,50272813.69,50796444.31,50965020.91,49368433.06,1216320.45
20.66666667,49781428.87,50292521.07,49801036.86,50056298.24,51263260.3,51682439.43,52466174.22,52678383.53,51002692.82,1184129.416
20.83333333,50905488.41,51662434.35,50895570.03,52073437.22,52627810.27,53348767.04,54147992.68,53880727.65,52442778.46,1272397.624
21,52466174.22,53257038.91,52658150.67,53563189.39,54540185.74,55361680.85,55812414.27,55917607.25,54197055.16,1398640.584
21.16666667,53542744.56,54778489.16,54117110.07,55215482.92,55529094.95,56902781.82,57319705.84,57191178.5,55574573.48,1436281.361
21.33333333,54540185.74,55487208.2,55445343.63,56424517.85,57298269.52,58171339.57,58857496.54,58063003.59,56785920.58,1547439.936
21.5,56001863.57,56945438.64,56913443.8,57695825.91,58584454.53,59340510.78,59859984.1,59439700.21,58097652.69,1412814.846
21.66666667,56956106.56,57373323.1,57437713.87,58529966.33,58923176.49,60674222.72,60528552.53,60427874.94,58856367.07,1535504.926
21.83333333,57105613.99,58160498.92,58301550.08,59450729.53,59970987.29,61395675.74,61316414.66,61146862.44,59606041.58,1634583.058
22,57341148.2,58857496.54,58999876.85,59926565.77,60427874.94,62618257.32,61895898.22,61907307.5,60246803.17,1819095.217
22.16666667,58073830.14,59373559.06,59406622.2,60349666.47,61203335.56,62698971.93,62675901.3,62330733.31,60764077.5,1741577.222
22.33333333,58486404.48,60015435.84,59859984.1,61339051.79,61838879,63127130.82,62918515.96,62606734.11,61274017.01,1672984.515
22.5,58977954.34,60193501.34,60271542.02,61509057.42,62342212.09,63674749.09,63406238.56,62825993.96,61650156.1,1699887.79
22.66666667,59274458.69,60372003.16,60539747.55,62010072.84,62733591.87,64261996.14,63639668.36,63289810.54,62015168.64,1781510.364
22.83333333,59252454.48,60539747.55,60674222.72,62010072.84,62560659.86,64652262.33,64026513.42,63220045.11,62116997.29,1862169.44
23,59649540.96,60943924.17,61056597.25,62342212.09,62768228.63,64854151.54,64191269.13,63721550.37,62440934.27,1796561.787
23.16666667,59704862.13,60988972.32,61713595.95,62618257.32,63150348.02,64569298.62,64344600.33,64214836.95,62663096.46,1755146.65
23.33333333,59594261.52,60842668.32,61282472.3,62549145.94,63441204.18,65475297.95,64380031.63,64038269,62700418.86,1999734.459
23.5,59848893.04,61305098.77,62158772.32,63011158.24,63359644.47,65703624.34,65080476.53,64285587.51,63094156.9,1958828.955
23.66666667,59926565.77,61034048.57,61941546.25,63161959.46,63663053.58,65619418.19,64866045.34,64498264.19,63088862.67,1979258.811
23.83333333,60104414.23,61554460.16,62090103.43,63464524.15,63592920.99,65619418.19,65020847.05,64474601.88,63240161.26,1871876.744
24,59859984.1,61633984.01,61930131.52,63756671.59,63371290.13,65739743.45,65164042.4,64297386.14,63219154.17,1966468.279
24.16666667,60416697.15,61781905.05,62261899.31,63382937.7,63780095.4,66065649.58,65175988.45,64533772.5,63424868.14,1870778.269
24.33333333,60338500.7,61588531.04,62204588.19,63733255.51,63885598.32,65787931.02,65187936.52,64545612.56,63408994.23,1876196.175
24.5,60372003.16,61679465.74,62480101.38,63604604.95,64250203.4,66053552.11,65391363.4,64818482.14,63581222.04,1945549.964
24.66666667,60405521.07,62261899.31,62895374.2,63744962.59,64155932.08,66210981.09,65787931.02,65032768.92,63811921.28,1931675.34
24.83333333,60663006.93,62261899.31,62238969.36,64097076.12,64120612.64,66600001.11,65715661.99,65247707.19,63868116.83,2014335.996
25,60932666.52,62434108.72,62457101.35,64297386.14,64439123.23,66648779.72,65824093.29,65511300.45,64068069.93,1968054.348
25.16666667,60629369.96,62652838.12,63080719.12,64391846.01,64735323.42,66722010.91,66029363.4,65619418.19,64232611.14,2015391.636
25.33333333,60943924.17,62825993.96,62895374.2,64439123.23,64687848,66660979.64,66017272.16,65715661.99,64273272.17,1930962.977
25.5,61395675.74,62526123.67,63243292.65,64285587.51,65008927.18,66868701.64,66478201.86,65703624.34,64438766.82,1940546.882
25.66666667,60887653.42,62745135.59,63476187.01,64711581.72,64866045.34,67113865.72,66758655.02,65993095.87,64569027.46,2120666.317
25.83333333,61124285.56,63092319.21,63103921.19,64759073.08,65092408.46,66880939.64,66247360.77,65751787.26,64506511.89,1928466.868
26,61248545.92,63196805.16,63803526.94,64854151.54,65427323.14,67582036.42,66795318.16,66114060.18,64877720.93,2069228.153
26.16666667,61633984.01,63417891.85,63499518.47,65259667.39,65751787.26,67322926.81,67175290.03,66259491.5,65040069.66,2014892.261
26.33333333,61827480.59,63452863.21,63604604.95,65116278.38,65355421.96,67470872.99,67582036.42,66029363.4,65054865.24,2012571.819
26.5,61816083.99,63686446.51,64085310.79,65391363.4,65703624.34,67656242.72,67409191.06,66685385.82,65304206.08,2010958.35
26.66666667,61941546.25,63581238.96,64238412.62,65080476.53,66041456.72,67879330.61,67483215.84,66429540.96,65334402.31,2022870.659
26.83333333,62503108.82,64003008.12,63873868.03,65044692.81,65981010.83,68065776.91,67446193.75,66600001.11,65439707.55,1921945.627
27,62330733.31,64003008.12,64108843.41,65559332.35,66186738.38,67966277.66,67767698.59,66636581.9,65569901.71,1970257.177
27.16666667,62399633.64,64179488.15,64439123.23,66186738.38,66441703.04,68415131.72,68065776.91,67052494.82,65897511.24,2072514.679
27.33333333,62342212.09,64191269.13,64415480.68,66162504,66283759.21,68440151.83,68065776.91,67163000.89,65883019.34,2095349.224
27.5,62641309.33,64521934.41,64759073.08,66053552.11,66600001.11,68678285.44,68452665.21,67470872.99,66147211.71,2088989.034
27.66666667,62999571.37,64711581.72,64997009.33,66563439.26,66685385.82,68904627.59,68577920.91,67755305.91,66399355.24,2047422.11
27.83333333,62710510.05,65008927.18,65559332.35,66600001.11,66856465.76,69068548.28,68415131.72,67458532.29,66459681.09,2027539.148
28,63138738.47,65080476.53,65559332.35,66722010.91,66954412.23,68955024.31,68917223.41,67643869.59,66621385.97,1982582.567
28.16666667,62895374.2,65487296.75,65463301.19,66758655.02,67052494.82,69270819.17,68955024.31,67854508.24,66717184.21,2091742.827
28.33333333,63301444.77,65080476.53,65607396.93,66795318.16,67372207.76,69220197.27,69270819.17,67904161.71,66819002.79,2074504.479
28.5,63348000.72,65463301.19,65571345.43,67015697.88,67544962.49,69638913.44,69068548.28,68252716.5,66987935.74,2099241.931
28.66666667,63663053.58,65271629.62,65993095.87,67187581.31,67396861.14,70060116.4,69372171.62,68215289,67144974.82,2125670.092
28.83333333,63441204.18,65547321.31,65727701.69,67089310.96,67310611.94,69715310.06,69677101.46,68552852.02,67132676.7,2181375.967
29,63991258.39,65403347.95,65968927.86,67163000.89,67966277.66,70149784.67,69473669.24,68115579.14,67278980.72,2080084.244
29.16666667,64050026.52,65932691.35,65981010.83,67792490.46,67891745.07,70316612.3,69906662.31,68904627.59,67596983.3,2155662.883
29.33333333,64356408.79,66186738.38,66575624.44,67804889.66,68277679.18,70252401.47,70034517.68,68741085.67,67778668.16,2002768.596
29.5,63944278.93,66138277.93,66453867.21,68078224.18,68190348.34,70483832.38,70034517.68,69194899.88,67814780.82,2197719.032
29.66666667,64320989.3,66295896.19,66832000.36,68177881.31,68402624.99,70419470.42,70278078.84,69245503.7,67996555.64,2090513.477
29.83333333,64581144.63,66405223.08,66551256.18,68252716.5,68904627.59,70741864.07,70612731.27,69270819.17,68165047.81,2169733.336
30,64985093.49,66368761.96,67101587.27,68177881.31,68917223.41,71130673.14,70690182.83,69296143.7,68333443.39,2113203.232
30.16666667,64545612.56,66441703.04,66600001.11,68227762.63,68728521.16,71013807.52,71013807.52,69296143.7,68233419.9,2277651.643
30.33333333,64818482.14,66624386.2,67163000.89,68515265.33,69131695.9,71534681.85,71104686.44,69651640.5,68567979.91,2284773.553
30.5,64557454.6,67126146.31,67359884.3,68690841.03,69169611.52,71456307.98,70754790.24,69372171.62,68560900.95,2196446.797
30.66666667,65008927.18,66905422,67656242.72,68841682.11,68992845.41,71600059.15,71534681.85,69588028.04,68765986.06,2243699.59
30.83333333,64842259.74,67003436.49,67829694.6,68791366.01,69753539.25,71744100.04,71665496.3,69715310.06,68918150.31,2340545.213
31,65068546.61,67421523.14,67767698.59,69258160.3,70008928.18,71757209.06,71417153.27,70085724.36,69098117.94,2239185.97
31.16666667,65295560.15,67470872.99,67656242.72,69296143.7,69715310.06,71914705.04,71573901.05,70201074.54,69140476.28,2231954.323
31.33333333,65595377.72,67557318.31,68040888.96,69169611.52,69715310.06,71927845.37,71600059.15,70483832.38,69261280.43,2142139.076
31.5,65535312.32,67705756.95,68016009.77,69460974.08,69728050.83,72138419.19,72098889.41,70316612.3,69375003.11,2250433.532
31.66666667,65679555.19,67421523.14,68352620.16,69753539.25,69906662.31,72362833.96,71967280.82,70535363.91,69497422.34,2262022.474
31.83333333,65571345.43,67409191.06,68227762.63,69728050.83,70316612.3,72389281.93,72455444.53,70703099.62,69600098.54,2408115.829
32,65595377.72,67767698.59,68340124.48,69919437.49,70060116.4,72534920.24,72415739.65,70961928.68,69699417.91,2378873.887
32.16666667,65860274.09,68115579.14,68440151.83,69996136.89,70085724.36,72481926.66,72840394.31,70716018.76,69817025.75,2317680.756
32.33333333,65908544.01,68302650.68,68502740.87,70355166.66,70690182.83,72986950.65,72973615,71091696.64,70101443.42,2430138.833
32.5,65727701.69,68377618.15,68829099.73,70380881.18,70432338.15,73214035.25,72973615,71195681.33,70141371.31,2479338.21
32.66666667,66089850.73,68327631.01,69106430.1,70496711.76,70226733.37,73040317.94,72986950.65,71338908.21,70201691.72,2354792.356
32.83333333,66295896.19,68565385.35,69207547.44,70741864.07,70793582.84,73388172.25,73120443.11,71312845.57,70428217.1,2362205.449
33,66624386.2,68955024.31,69245503.7,70819456.32,71364980.37,73495542.79,73067016.42,71573901.05,70643226.39,2279828.928
33.16666667,66210981.09,68917223.41,69156970.72,70767718.76,71169670.94,73859101.19,73374762.16,71717889.19,70646789.68,2509508.199
33.33333333,66856465.76,68955024.31,69422902.26,70819456.32,71039761.11,73629980.89,73710764,71717889.19,70769030.48,2336842.997
33.5,66660979.64,68955024.31,69766286.89,70832396.58,71130673.14,73886104.3,73656898.56,71875298.54,70845457.75,2406539.505
33.66666667,66783095,69131695.9,69715310.06,70987863.38,71273769.44,73980694.6,73818615.41,71967280.82,70957290.58,2412720.629
33.83333333,66868701.64,69258160.3,69499066.37,71286792.44,71980430.8,74075408.63,73859101.19,71822790.26,71081306.45,2439397.575
34,66832000.36,69194899.88,70303765.49,71286792.44,71744100.04,74021271.16,74265208.86,72309967.26,71244750.69,2472065.188
34.16666667,67040227.04,69334147.46,69893889.42,71626226.82,71849039.58,74659952.63,74373889.55,72468684.37,71405757.11,2574869.83
34.33333333,67261373.96,69499066.37,70111341.55,71364980.37,71809669.21,74673602.81,74523591.65,72601217.26,71480605.4,2519515.692
34.5,67483215.84,69588028.04,70535363.91,71875298.54,72243938.65,74782896.5,74728229.13,72561431.7,71724800.29,2488150.114
34.66666667,67483215.84,70008928.18,70419470.42,71822790.26,72840394.31,74537216.24,74988265.46,72495171.39,71824431.51,2477534.571
34.83333333,67544962.49,70047315.89,70561143.69,72177970.78,72481926.66,75084302.74,74878663.29,72468684.37,71905621.24,2505496.836
35,67693375.14,69906662.31,70329461.43,71783434.33,72257139.51,74851288.5,75125500.32,73000288.76,71868393.79,2523982.548
35.16666667,67668618.03,70393741.93,70561143.69,72072548.34,74537216.24,75207965.33,75276757.4,72773876.38,72311483.42,2691384.713
35.33333333,67643869.59,70149784.67,70910087.58,72336395.74,72920297.13,75469720.55,75125500.32,73026972.41,72197828.5,2593852.162
35.5,67742915.41,70651446.52,71000834.27,72389281.93,72827085.8,75400746.65,75194214.69,72840394.31,72255864.95,2499311.964
35.66666667,67718140.93,70574037.08,70897133.19,72230740.22,73133805.97,75580214.28,75760123.06,73160539.14,72381841.73,2674206.037
35.83333333,68115579.14,71156669.31,71312845.57,72415739.65,72880334.63,75718566.41,76093426.74,73455260.12,72643552.69,2580374.333
36,68128035.18,71039761.11,70910087.58,72760580.17,73160539.14,75428328.4,75552575.2,73522410.4,72562789.65,2483819.49
36.16666667,68240238.46,71704787.37,71626226.82,72920297.13,73468685.18,76260647.61,75982157.22,73616525.82,72977445.7,2573138.599
36.33333333,68290163.83,71000834.27,71600059.15,73040317.94,73724236.63,76121270.48,76135196.3,73737711.77,72956223.8,2639422.882
36.5,68678285.44,71065724.15,71639314.25,73414999.92,73697293.87,76051680.91,76386313.25,73643438.47,73072131.28,2565730.547
36.66666667,68728521.16,71678590.93,71822790.26,73334546.84,73967174.13,76498196.41,76554201.76,73643438.47,73278432.5,2593628.668
36.83333333,68766221.37,71613141.79,71613141.79,73455260.12,73549288.01,76652313.63,76596233.72,74305945.04,73318943.18,2657727.231
37,68590458.69,71560825.59,71573901.05,73670361.16,74251635.21,76989690.66,76764601.49,74143137.39,73443076.4,2813007.946
37.16666667,68929821.46,71954133.26,72204350.64,73683826.26,73832108.16,76722473.52,76891129.78,74714568.71,73616551.47,2628134.344
37.33333333,69106430.1,71534681.85,72164784.49,73791637.48,74265208.86,76989690.66,77060171.8,74183805.05,73637051.28,2693627.889
37.5,69270819.17,72072548.34,72694136.01,74102492.54,74238064.1,77229600.84,76891129.78,74455506.99,73869287.22,2583254.706
37.66666667,69473669.24,72059381.43,72760580.17,73764669.6,74455506.99,77583826.57,77158958.29,74659952.63,73989568.11,2654112.613
37.83333333,69791789.05,72243938.65,72694136.01,74360295.56,74714568.71,77598030.81,77512846.05,74741892.13,74207187.12,2635781.208
38,69715310.06,72641024.87,72402509.57,74021271.16,74960849.46,77484472.83,77654874.95,75015691.78,74237000.58,2666270.227
38.16666667,69207547.44,72548174.75,72787175.04,74075408.63,75029408.8,77484472.83,77413587.18,75152978.3,74212344.12,2735336.972
38.33333333,69422902.26,72362833.96,72627753.21,74523591.65,74728229.13,77697536.59,77541230.12,75125500.32,74253697.16,2758923.291
38.5,69906662.31,72893652.99,73026972.41,74919744.79,75235474.38,78197070.04,78082595.52,75152978.3,74676893.84,2757985.476
38.66666667,69728050.83,72906973.83,73120443.11,74673602.81,75098032.68,77754456.87,78182751.12,75235474.38,74587473.2,2731667.332
38.83333333,70098531.8,73133805.97,73321146.71,74864974.61,75442123.18,78254373.18,78527164.53,75538759.57,74897609.94,2771733.605
39,70047315.89,73013629.35,73254183.4,74988265.46,75829436.55,78455280.84,78139810.84,75414536.22,74892807.32,2779723.07
39.16666667,70021721.78,73240798.2,73845603.41,74878663.29,75594037.73,78613516.13,78297379.39,75912699.32,75050552.41,2785704.972
39.33333333,70419470.42,73414999.92,73886104.3,75345614.34,76079508.82,78930992.18,78599117.29,75732416.01,75301027.91,2783545.127
39.5,70239566.26,73522410.4,73643438.47,75290523.6,75511136.15,78858720.53,79061256.57,75912699.32,75254968.91,2896485.546
39.66666667,70368022.76,73576175.62,73859101.19,75801703.29,76135196.3,79003333.42,78757656.93,75968260.38,75433681.24,2835869.605
39.83333333,70703099.62,73508975.35,74305945.04,75580214.28,75801703.29,79366086.5,78887620.85,75968260.38,75515238.16,2806565.487
40,70819456.32,74075408.63,74075408.63,75815568.61,76498196.41,79380633.01,79191746.93,76121270.48,75747211.12,2819517.896
40.16666667,71208690.08,74102492.54,74509969.61,75954366.17,76358369,79293395.99,79264339.41,76680369.58,75921499.05,2694541.019
40.33333333,71156669.31,74265208.86,74537216.24,76135196.3,76456220.3,79278866.3,79832970.24,76400289.35,76007829.61,2788647.14
40.5,70858284.17,74048334.84,74238064.1,76065593.55,76708436.2,79540830.01,79701367.48,77046070.2,76025872.57,2956429.97
40.66666667,71013807.52,74143137.39,74919744.79,76037770.9,76891129.78,79307928.49,79555410.24,76624268.35,76061649.68,2782988.701
40.83333333,71391062.06,74537216.24,74687255.54,76260647.61,76891129.78,79613759.32,79569993.28,76877060.37,76228515.52,2728761.659
41,70974894.85,74578105.35,75139238.02,76386313.25,76877060.37,79818336.41,79979464.26,77158958.29,76364046.35,2918698.959
41.16666667,71691687.95,74578105.35,75318063.78,76919276.62,76905201.86,79920832.67,80317477.87,77286163.41,76617101.19,2811559.895
41.33333333,71888431.63,74741892.13,74947145.32,76961517,77116605.08,80155631.47,80405903.14,76905201.86,76640290.95,2828137.207
41.5,71678590.93,75111765.21,75290523.6,76947434.19,77286163.41,80126241.85,80435401.08,77498658.09,76796847.29,2838099.157
41.66666667,72072548.34,75084302.74,75359393.52,76568209.75,77003781.52,80288025.61,80376416.63,77470290.28,76777871.05,2748128.377
41.83333333,71901567.13,75607863.8,75815568.61,77342769.17,77300310.8,80627416.62,80879245.42,77498658.09,77121674.95,2875500.798
42,71927845.37,75428328.4,75483523.15,77144837.86,77427758.89,80435401.08,80701397.72,77569625.04,77014839.69,2841669.493
42.16666667,72138419.19,75180466.64,75483523.15,77456110.45,78011138.03,81117021.07,80790269.8,77612237.77,77223648.26,2970485.844
42.33333333,72138419.19,75524946.56,75982157.22,77484472.83,77996854.75,81087258.69,81087258.69,77868428.2,77396224.52,2951628.406
42.5,72151600.63,75524946.56,75677033.32,77555426.22,78197070.04,81131906.6,81027768.61,77911212.46,77397120.55,2977024.338
42.66666667,72667575.53,75871056.12,75843307.11,77626447.45,78225716.11,81251095.03,81295838.49,78326063.96,77638387.48,2885959.738
42.83333333,72694136.01,75996056.69,76190926.01,77626447.45,78168434.95,81057507.87,81206377.65,78039712.81,77622449.93,2780007.162
43,72773876.38,76330435.36,76065593.55,77925479.34,78412183.74,81415282.08,81594796.35,78182751.12,77837549.74,2889047.818
43.16666667,72906973.83,76512193.76,76470209.68,78268705.83,78354759.53,81534911.68,81564848.19,78498402.77,78013875.66,2831995.935
43.33333333,72587952.96,76470209.68,76989690.66,78125502.9,78642322.13,81594796.35,81594796.35,78512782.26,78064756.66,2906988.75
43.5,72574691.11,76079508.82,76302512.32,78154121.52,78426546.68,81639740.47,82045421.4,78728806.6,77993918.61,3078808.468
43.66666667,73535847.95,76330435.36,76400289.35,78570327.89,78887620.85,82060487.65,82301947.72,78254373.18,78292666.24,2946235.128
43.83333333,73107082.72,76652313.63,76848929.59,78858720.53,78988859.6,82498689.86,82135862.99,78800953.24,78486426.52,3044651.483
44,73468685.18,76680369.58,77243737.44,78584721.2,79409734.46,82090628.97,82241512.03,78945454.86,78583105.46,2880299.596
44.16666667,73267571.09,77003781.52,76764601.49,79046771.6,79220775.52,81879886.33,82422960.71,79220775.52,78603390.47,2944591.158
44.33333333,73710764,76680369.58,77272018.72,78728806.6,79278866.3,82483538.12,82317064.01,79191746.93,78707896.78,2902857.173
44.5,73670361.16,76848929.59,77314460.89,79104728.22,79307928.49,82529002.23,82513844.57,79075744.33,78795624.94,2938695.736
44.66666667,73482112.74,76862993.64,77797175.67,78887620.85,79264339.41,82726321.53,82741520.71,79540830.01,78912864.32,3039252.075
44.83333333,73629980.89,77371088.26,77512846.05,79148225,79366086.5,83260065.05,83030870.33,79278866.3,79074753.55,3123350.009
45,74183805.05,77257876.73,77441933.32,79220775.52,79672153.48,83260065.05,83076655.47,79832970.24,79243279.36,3027173.738
45.16666667,73926627.87,77243737.44,77555426.22,79438847.13,80346941.54,83351931.51,83443905.97,79657550.71,79370621.05,3183401.059
45.33333333,73872601.49,77399418.17,78311720.3,79745209.64,79964802.11,83305984.79,83382577.66,79950142.8,79491557.12,3105990.14
45.5,74156690.74,77371088.26,78527164.53,79730592.76,80067496.74,83459245.56,83321297.37,80214444.83,79606002.6,3049668.165
45.66666667,74401085.17,77754456.87,78082595.52,79497106.19,80523963.51,83597437.16,83459245.56,80052817.57,79671088.44,3038783.879
45.83333333,74659952.63,78254373.18,78512782.26,80126241.85,80420650.68,83905403.71,83612806.83,79759829.34,79906505.06,2982336.627
46,74564473.09,77768693.75,78959920.32,80258584.75,80052817.57,84059840.54,83689700.37,80317477.87,79958938.53,3067306.864
46.16666667,74346704.11,77939748.95,78340410.37,80346941.54,80568283.37,83658933.91,83751269.49,80317477.87,79908721.2,3091368.138
46.33333333,74892354.55,78125502.9,78613516.13,80435401.08,81042636.8,83658933.91,84044383.22,80464910.45,80159704.88,2989450.835
46.5,74673602.81,78297379.39,78930992.18,80111551.31,80834744.66,84431727.96,84276561.88,80583062.38,80267452.82,3180708.634
46.66666667,75139238.02,78268705.83,78671139.21,80185032.46,81206377.65,84152648.2,84354106.83,80657000.45,80329281.08,3062371.077
46.83333333,75125500.32,78699967.36,78974388.57,80346941.54,81191477.65,84696210.86,84199093.03,80479669.42,80464156.09,3076083.61
47,74755557.68,79278866.3,79061256.57,80420650.68,81519947.79,84711796.21,84307570.72,80998040.89,80631710.86,3161203.261
47.16666667,75084302.74,79017810.03,79090234.88,80760634.28,81117021.07,84618330.03,84914684.89,80790269.8,80674160.97,3168019.481
47.33333333,75166721.17,78988859.6,79133723.28,80790269.8,81549878.48,84899059.65,85086765.57,80657000.45,80784034.75,3241472.531
47.5,75235474.38,79220775.52,79453407.68,81445172.03,81355537.06,84992857.22,85024147.69,81087258.69,80976828.78,3190430.335
47.66666667,75414536.22,79075744.33,79540830.01,81251095.03,81579820.81,84977216.6,84930313.21,81385403.76,81019370,3135960.362
47.83333333,75442123.18,79540830.01,79686759.07,81400341.47,81804760.34,84852202.36,84930313.21,81445172.03,81137812.71,3067915.772
48,75497328.34,79032289.42,80008797.07,81340608.06,81909957.23,85071106.48,85212149.29,81251095.03,81165416.36,3167650.262
48.16666667,75442123.18,79715978.71,79526252.59,81445172.03,82150946.88,85447776.65,85274915.23,81669717.79,81334110.38,3248001.473
48.33333333,75843307.11,79409734.46,79745209.64,81490028.76,82075556.84,85322022.13,85290614.44,81639740.47,81352026.73,3130472.543
48.5,75704719.43,79540830.01,80199737.22,81834801.95,82060487.65,85353442.19,85259219.11,81415282.08,81421064.96,3127724.464
48.66666667,75912699.32,79148225,80214444.83,82000240.27,82392689.75,85605248.69,85889481.48,81834801.95,81624728.91,3285396.483
48.83333333,76344400.86,79818336.41,80185032.46,82166033.71,82453243.5,85479246.25,85826231.46,81819779.68,81761538.04,3084415.432
49,76079508.82,79497106.19,80243868.59,82377558.69,82832778.18,85936951.73,85684101.13,82211311.87,81857898.15,3255589.919
49.16666667,76204865.04,80258584.75,80317477.87,82286834.37,82620010.41,86413202.41,86063676.46,82226410.47,82048882.72,3293622.653
49.33333333,76470209.68,80199737.22,80612629.01,82407823.75,82771927.97,86365450.39,86063676.46,82075556.84,82120876.42,3206376.721
49.5,76568209.75,79979464.26,80686595.76,82030358.09,82802347.13,86000289.1,86445052.81,82135862.99,82081022.49,3200075.271
49.66666667,76484201.71,80023467.73,81072381.84,82256616.53,83214172.26,86254138.88,86764249.5,82604834.97,82334257.93,3316603.72
49.83333333,76484201.71,80701397.72,80908926.99,82650370.18,83046129.06,86636419.52,86158851.31,82726321.53,82414077.25,3224161.013
50,76764601.49,80583062.38,80894084.77,82878447.07,83000361.82,86254138.88,86828240.27,82817561.17,82502562.23,3217585.807
50.16666667,76554201.76,80597844.26,80716202.55,83122467.49,82985112.04,86908299.89,86413202.41,82711125.32,82501056.97,3328797.98
50.33333333,76722473.52,80849575.37,80745820.83,82635188.81,83367253.09,86636419.52,86828240.27,82453243.5,82529776.86,3290462.091
50.5,76694401.56,80775450.61,81146795.02,82969865.25,83321297.37,86988438.64,86780242.45,82969865.25,82705794.52,3332824.402
50.66666667,76750556.16,80834744.66,81370468.95,83168306.42,83628179.51,87213248.93,87004475.9,83244764.46,82901843.12,3393108.818
50.83333333,76961517,81176580.55,81714705.68,83443905.97,83597437.16,87181095.07,87100766.02,82802347.13,82997294.32,3302184.269
51,76877060.37,81102138.44,81534911.68,83336612.94,83920833.77,87406439.35,87390322.63,83551346.21,83139958.17,3444227.303
51.16666667,77031971.28,80983181.37,81654727.67,83797478.03,83336612.94,87390322.63,87551633.37,83275368.63,83127661.99,3426403.939
51.33333333,77314460.89,81057507.87,81970134.19,83828298.82,84214580.71,87745628.01,87390322.63,83566706.85,83385955,3385809.127
51.5,77229600.84,81519947.79,81684710.84,83551346.21,84183608.38,87697086.16,87600088.85,83413235.81,83359953.11,3407567.791
51.66666667,77130720.12,81161686.34,81864855.28,83905403.71,84292064.78,87632408.49,87583933.83,83244764.46,83351979.63,3446448.159
51.83333333,77484472.83,81370468.95,82317064.01,84059840.54,84090764.29,87794198.7,87713263.57,83520633.97,83543838.36,3358571.439
52,77286163.41,81519947.79,81504986.82,83735872.69,84633900.07,88151266.53,87875213.96,83859131.71,83570810.37,3560085.374
52.16666667,77272018.72,82120782.04,82544162.86,84183608.38,84867818.38,88200078.24,88216355.25,83689700.37,83886815.53,3527758.974
52.33333333,77669092.78,81624756.18,82256616.53,84292064.78,84478337.24,88167533.88,88232635.49,83843713.75,83820593.83,3466701.569
52.5,77939748.95,82030358.09,82362430.6,83936266.85,84742976.11,87956309.46,88330384.68,83628179.51,83865831.78,3343281.079
52.66666667,77569625.04,81789743.92,82000240.27,83998029.45,85274915.23,87810395.34,88281495.56,83658933.91,83797922.34,3474383.105
52.83333333,77968296.38,82422960.71,82211311.87,84276561.88,85133761.33,88428250.14,88314085.08,84013477.68,84096088.13,3413771.596
53,78225716.11,82150946.88,82620010.41,84852202.36,84852202.36,88771697.13,88395615.4,83967142.09,84229441.59,3418200.886
53.16666667,78225716.11,82075556.84,82756722.86,84556080.45,85196465.53,88526232.03,88526232.03,83812886.91,84209486.59,3401466.409
53.33333333,78283041.24,82301947.72,83000361.82,84602763.05,85369156.86,88886497.55,88509893.62,84075300.9,84378620.34,3420109.26
53.5,78154121.52,82438100.63,82878447.07,84556080.45,85526473.9,88673423.49,88788087.43,84509425.36,84440519.98,3463787.638
53.66666667,78512782.26,82438100.63,82756722.86,85055450.47,85133761.33,89149497.75,88788087.43,84571638.26,84550755.12,3460748.176
53.83333333,78297379.39,83214172.26,83351931.51,84649473.18,85557974.5,89347296.43,89017893.32,84727384.63,84770438.15,3504279.446
54,78584721.2,82635188.81,83797478.03,84899059.65,85479246.25,88788087.43,89182431.5,84914684.89,84785112.22,3378805.014
54.16666667,78326063.96,82559326.44,83443905.97,84977216.6,85873664.29,88968595.48,89562110.55,84462797.76,84771710.13,3588031.803
54.33333333,78527164.53,82969865.25,83351931.51,84914684.89,85589487.52,88968595.48,89034332.46,84478337.24,84729299.86,3397508.374
54.5,78988859.6,82802347.13,83658933.91,85432046.5,86031976.53,89910291.16,88985024.83,84571638.26,85047639.74,3467611.46
54.66666667,78988859.6,82878447.07,83321297.37,85353442.19,85921125.19,89529026.13,89495954.85,84400670.36,84986102.85,3495089.821
54.83333333,78743230.38,83107193.83,83812886.91,85400595.49,85984450.08,89628318.79,89413334.06,84961579.06,85131448.58,3505726.665
55,78887620.85,83229466.86,83951702.95,85322022.13,86000289.1,89794069.61,89794069.61,85055450.47,85254336.45,3548660.815
55.16666667,78685551.9,83597437.16,83474588.15,85873664.29,86684332.1,89711153.06,89727729.79,85039797.54,85349281.75,3612252.495
55.33333333,79220775.52,83597437.16,83720478.9,85731449.9,86540679.49,90243244.51,90209889.61,85668324.42,85616534.94,3624377.823
55.5,78858720.53,83889976.68,84183608.38,85936951.73,86604493.58,90176547.97,89611761.8,85290614.44,85569084.39,3558186.435
55.66666667,78974388.57,83505282.35,83905403.71,86142981.01,86636419.52,90309994.07,89960149.88,85810426.75,85655630.73,3659463.105
55.83333333,79293395.99,83397905.23,84261062.03,86095388.89,86604493.58,90109904.41,90093251.8,85526473.9,85672734.48,3548868.653
56,79191746.93,83859131.71,84137172.66,86031976.53,86972404.56,90477100.29,90678066.64,85573729.46,85865166.1,3728602.677
56.16666667,79293395.99,83367253.09,84261062.03,86429126.04,86716289.59,90259926.93,90126560.34,85605248.69,85757357.84,3595459.901
56.33333333,79380633.01,83689700.37,84447261.33,86111249.8,86796238.56,90393505.67,90010038.31,85479246.25,85788484.16,3535684.328
56.5,78974388.57,83967142.09,84106230.71,86413202.41,87020516.32,90360091.07,90577523.55,85400595.49,85852461.28,3750038.848
56.66666667,79322463.79,84431727.96,84602763.05,86828240.27,87213248.93,90644538.95,90326689.76,85842039.29,86151464,3611343.246
56.83333333,79511677.98,84478337.24,84245565.21,86876266.55,86924321.31,90812310.79,90126560.34,86190601.3,86145705.09,3569060.68
57,79818336.41,84261062.03,84665049.34,86940345.89,87519345.69,90963590.91,90879512.98,85763031.3,86351284.32,3659185.222
57.16666667,79862246.4,84013477.68,84758570.66,86349539.33,87535487.93,91014077.81,90745162.03,86254138.88,86316587.59,3636317.642
57.33333333,79832970.24,84649473.18,84602763.05,86828240.27,87859004.49,91148856.91,90627780.11,86254138.88,86475403.39,3627945.604
57.5,79380633.01,84307570.72,84680628.57,86700309.26,87697086.16,91233202.81,91030913.48,86095388.89,86390716.61,3841055.23
57.66666667,79599167.82,84742976.11,84742976.11,87020516.32,87470938.11,91469818.15,90946768.64,86397281.93,86548805.4,3769686.377
57.83333333,79935486.31,84292064.78,85212149.29,87036559.92,88183804.45,91605323.12,91081440.55,86270031.11,86702107.44,3770742.62
58,79453407.68,84183608.38,85621012.96,87438682.35,87600088.85,91639233.09,91064594.85,86540679.49,86692663.46,3869957.838
58.16666667,79715978.71,85024147.69,85024147.69,87358098.76,88281495.56,91859977.14,91351428.1,86397281.93,86876569.45,3880926.052
58.33333333,80126241.85,84649473.18,85479246.25,87422559.26,87988770.14,91842976.55,91300739.96,86812237.84,86952780.63,3745676.467
58.5,80126241.85,84696210.86,85369156.86,87132888.11,88248918.96,91791995.05,91554483.48,86604493.58,86940548.59,3791490.256
58.66666667,80067496.74,85086765.57,85668324.42,87084709.73,88086229.36,92098341.19,91233202.81,86716289.59,87005169.93,3754499.47
58.83333333,80405903.14,84478337.24,85306316.74,87826595.18,88183804.45,91791995.05,91165719.38,86956373.64,87014380.6,3686089.593
59,80523963.51,85024147.69,85416319.44,87390322.63,88281495.56,91825979.33,91825979.33,86796238.56,87135555.76,3715226.133
59.16666667,79935486.31,85008500.91,85510728.24,87583933.83,88411931.15,92457135.35,91758024.3,86924321.31,87198757.68,3973747.649
59.33333333,79979464.26,84805372.7,85432046.5,87632408.49,88985024.83,91996103.82,91724067.06,87036559.92,87198880.95,3925481.297
59.5,80968324.72,85086765.57,85794625.15,87648573.11,88837277.86,92405787.13,91622276.42,86908299.89,87408991.23,3675185.715
59.66666667,80627416.62,85227836.15,85400595.49,87778005.26,88820877.8,92731511.27,92013134.9,87148953.92,87468541.43,3900129.086
59.83333333,80361677.66,85118093,85432046.5,88086229.36,88722545.7,92645674.84,91520607.24,87664740.92,87443951.9,3880152.831
60,80126241.85,85008500.91,85684101.13,87842798.23,88886497.55,92525647.37,91741043.99,87438682.35,87406689.18,3947783.138
60.16666667,81027768.61,85369156.86,86556628.29,88005005.3,88673423.49,92303182.69,92234847.8,87052606.68,87652827.46,3673356.453
60.33333333,80553507.22,85384874.63,86206480.99,88330384.68,89133035.77,92920652.62,91876981.13,87503206.64,87738640.46,3888497.836
60.5,81027768.61,85432046.5,86095388.89,88232635.49,88591618.04,92662835.29,92149505.69,87583933.83,87721966.54,3736942.811
60.66666667,80760634.28,85463509.9,86445052.81,88526232.03,89215378.32,92972308.6,92030169.37,87616247.08,87878691.55,3854677.711
60.83333333,80923772.1,85086765.57,86301824.98,88591618.04,89050774.85,92714337.14,92200700.76,87842798.23,87839073.96,3828208.657
61,81072381.84,85510728.24,86349539.33,88330384.68,88968595.48,92903440.82,92542783.91,87729444.19,87925912.31,3829763.607
61.16666667,81191477.65,85432046.5,86285926.48,88330384.68,89100121.61,93386669.99,92234847.8,87535487.93,87937120.33,3860831.173
61.33333333,81117021.07,85542222.65,86206480.99,88575266.68,89264823.08,93317472.06,92115392.62,87842798.23,87997684.67,3850790.699
61.5,80819916.83,85857850.23,86460982.73,88558918.55,89165962.99,93421289.64,92645674.84,87761815.04,88086551.36,3984833.978
61.66666667,81146795.02,85573729.46,86620454.97,88985024.83,89794069.61,93542567.17,92611364.2,87664740.92,88242343.27,3974428.952
61.83333333,81325681.97,86429126.04,86333631.41,88640691.58,89860462.14,93265609.8,92645674.84,87729444.19,88278790.25,3825163.027
62,81579820.81,85731449.9,86684332.1,88788087.43,89165962.99,93369365.33,92422899.79,87859004.49,88200115.36,3744866.792
62.16666667,80968324.72,86016131.25,86764249.5,88738926.26,89711153.06,93611944.62,92525647.37,87988770.14,88290643.37,3958373.993
62.33333333,81400341.47,85889481.48,86572580.23,88902910.63,89694579.63,93785630.47,92748688.81,88053730.09,88380992.85,3938806.273
62.5,81176580.55,86270031.11,87020516.32,88771697.13,89943527.01,93577248.98,92645674.84,88102483.82,88438469.97,3892199.229
62.66666667,80790269.8,85447776.65,86285926.48,89165962.99,89744309.8,93646654.1,92679999.15,88102483.82,88232922.85,4126530.21
62.83333333,80790269.8,86000289.1,87004475.9,89001457.45,90109904.41,93768246.3,92851825.98,88248918.96,88471923.49,4097349.007
63,80760634.28,86222363.82,87084709.73,89248338.22,90109904.41,93820409.2,92886232.44,88689794.31,88602798.3,4101176.282
63.16666667,81834801.95,86365450.39,86924321.31,89264823.08,89943527.01,93837803.77,92903440.82,88673423.49,88718448.98,3810950.597
63.33333333,81117021.07,86127113.84,86844245.87,89165962.99,90209889.61,94029373.09,92834627.89,88460897.83,88598641.52,4062623.554
63.5,81624756.18,86111249.8,87181095.07,89001457.45,90226565.4,93803018.1,92851825.98,88607972.65,88675992.58,3868764.372
63.66666667,81729707.48,86540679.49,86940345.89,89231856.64,89976776.06,94099138.9,93127461.94,88673423.49,88789923.74,3908711.702
63.83333333,81385403.76,86540679.49,87148953.92,89149497.75,90209889.61,94326262.45,92662835.29,88460897.83,88735552.51,3972395.692
64,81564848.19,86095388.89,87165022.9,89149497.75,90360091.07,94413774.56,93265609.8,88607972.65,88827775.73,4077435.542
64.16666667,81310758.78,85984450.08,86844245.87,89429851.66,90143219.57,94134042.67,93213778.54,89017893.32,88759780.06,4105918.554
64.33333333,81012903.31,86988438.64,87052606.68,89297802.6,90443652.47,94571516.43,93092959.37,89034332.46,88936776.49,4167365.818
64.5,81430225.6,86972404.56,87116825.48,89363800.93,90627780.11,94676835.08,92800241.99,88853681.17,88980224.36,4043117.072
64.66666667,81176580.55,86174724.74,87745628.01,89926907.43,90678066.64,94273797.05,93334766.37,89264823.08,89071911.73,4158785.573
64.83333333,81654727.67,86668358.08,87697086.16,89877068.52,90678066.64,94501373.97,93803018.1,88952169.38,89228983.57,4098592.78
65,81940039.84,86924321.31,87325887.62,89495954.85,90728383.18,94046809.33,93369365.33,88985024.83,89101973.29,3866820.122
65.16666667,81519947.79,86556628.29,87454808.64,89727729.79,90594272.4,94817456.17,93403978.09,88952169.38,89128373.82,4148810.951
65.33333333,81251095.03,86508791.34,87664740.92,89678009.49,90510561.4,94870246.95,93473245.01,88985024.83,89117714.37,4228055.096
65.5,81475073.6,86636419.52,87245415.5,89694579.63,90611024.59,94571516.43,93196508.34,89231856.64,89082799.28,4088639.785
65.66666667,81117021.07,86620454.97,87778005.26,89678009.49,90661301.13,94396265.15,93421289.64,89100121.61,89096558.54,4159659.951
65.83333333,81744712.21,86588535.33,87988770.14,90126560.34,91064594.85,94764696.96,93265609.8,88935746.54,89309903.27,4065035.67
66,81325681.97,86492851.99,88102483.82,90026674.4,90778729.73,94764696.96,93559906.35,89744309.8,89349416.88,4205543.285
66.16666667,81804760.34,86668358.08,87729444.19,90259926.93,90728383.18,94676835.08,93403978.09,89264823.08,89317063.62,4040587.657
66.33333333,81699706.8,86940345.89,88200078.24,89960149.88,90980416.53,94747117.58,93803018.1,89495954.85,89478348.48,4097630.754
66.5,81654727.67,86700309.26,88086229.36,90293301.71,90963590.91,94852646.51,93421289.64,89413334.06,89423178.64,4108256.069
66.66666667,81266006.62,86764249.5,87875213.96,89760893.11,90812310.79,95028808.99,93110208.94,89396819.74,89251813.96,4188970.985
66.83333333,81729707.48,86780242.45,88118741.5,90293301.71,90896321.88,95046444.57,93542567.17,89595208.1,89500316.86,4129612.656
67,81699706.8,86572580.23,87697086.16,90043313.79,91351428.1,95011176.92,93473245.01,89380308.69,89403605.71,4183087.937
67.16666667,80923772.1,86988438.64,88005005.3,90326689.76,91622276.42,94993548.37,93803018.1,89479424.13,89517771.6,4407380.871
67.33333333,81924997.07,87165022.9,87842798.23,90493829.18,91199454.38,95152331.98,93907416.74,89744309.8,89678770.04,4151301.747
67.5,81549878.48,87084709.73,88069978.11,90259926.93,91165719.38,95435318.86,93611944.62,89711153.06,89611078.65,4251337.744
67.66666667,81684710.84,87036559.92,88362993.58,90126560.34,91165719.38,95240668.36,93890008.29,89529026.13,89629530.85,4203762.378
67.83333333,81102138.44,86908299.89,88151266.53,90193217.13,91537543.67,95435318.86,93664014.03,89760893.11,89594086.46,4411939.554
68,81654727.67,86588535.33,87923861.63,90460374.72,91351428.1,95311400.94,93820409.2,89777479.71,89611027.16,4297440.061
68.16666667,81594796.35,86892281.64,88216355.25,89943527.01,91605323.12,95648152.66,93750865.59,89976776.06,89703509.71,4331527.452
68.33333333,81609774.81,87535487.93,88151266.53,90527296.95,91503674.17,95453035.55,93768246.3,89794069.61,89792856.48,4243667.699
68.5,81789743.92,87229330.63,88362993.58,90460374.72,91775007.99,95630397.04,93594595.07,89976776.06,89852402.37,4235497.026
68.66666667,82105704.04,86876266.55,88118741.5,90527296.95,91368330.87,95470755.78,93907416.74,89976776.06,89793911.06,4185433.19
68.83333333,81804760.34,86940345.89,88005005.3,90795518.59,91334528.69,95382189.99,93924828.66,90076602.49,89782972.49,4258077.473
69,81864855.28,86668358.08,87891426.64,90360091.07,91741043.99,95701440.78,93924828.66,89910291.16,89757791.96,4348018.197
69.16666667,82135862.99,86940345.89,88200078.24,90560778.02,91876981.13,95701440.78,93803018.1,89893678.19,89889022.92,4228568.373
69.33333333,81624756.18,87052606.68,88542573.67,90627780.11,91791995.05,95506206.85,93611944.62,90243244.51,89875138.46,4273843.779
69.5,81549878.48,86732273.07,87972538.19,90343388.76,91928013.38,95311400.94,93907416.74,90226565.4,89746434.37,4359623.166
69.66666667,82120782.04,86972404.56,88248918.96,90845905.2,91962051.82,95736983.93,93924828.66,89794069.61,89950743.1,4263133.648
69.83333333,81819779.68,87374209.1,88493558.45,91047752.49,92013134.9,96039674.05,93924828.66,89893678.19,90075826.94,4360175.209
70,81819779.68,87341991.6,88738926.26,90577523.55,91639233.09,95506206.85,93959662.91,90376796.71,89995015.08,4221221.215
70.16666667,81639740.47,87341991.6,88640691.58,90795518.59,92047207.24,95736983.93,94134042.67,90243244.51,90072427.57,4369554.899
70.33333333,82438100.63,87325887.62,88689794.31,90477100.29,91656193.13,95879298.43,93959662.91,89943527.01,90046195.54,4127462.654
70.5,81909957.23,87261503.56,88607972.65,90728383.18,91690123.34,95843698.5,93820409.2,90209889.61,90008992.16,4260461.065
70.66666667,81684710.84,87406439.35,88086229.36,90393505.67,91707093.51,95950540.92,93977085.24,90493829.18,89962429.26,4376248.277
70.83333333,81774730.42,87245415.5,88281495.56,90577523.55,92064248.49,95665911.82,93820409.2,90193217.13,89952868.96,4301301.358
71,81445172.03,87068656.62,88575266.68,90460374.72,92098341.19,95665911.82,94273797.05,90109904.41,89962178.06,4452787.8
71.16666667,81579820.81,87229330.63,88232635.49,90728383.18,92183632.34,96307607.7,94168960.37,90243244.51,90084201.88,4538202.752
71.33333333,81266006.62,87036559.92,88281495.56,90577523.55,92166567.31,96164609.94,94064249.04,90193217.13,89968778.63,4591848.26
